gender,rating
F,3.7899159663865545
M,3.90990990990991
